source_type,user_count,bet_count,total_amount,avg_amount,min_amount,max_amount,arpu,bet_freq
APP_IOS,16795,92498,376416.74,60.38,25.29847965068651,60695.93960609854,22.412428699017564,5.507472462042275
APP_ANDROID,1860,117727,3637793.98,286.15,49.32923543227153,44687.48522859245,1955.8032150537633,63.29408602150538
WAP,39158,131324,4698908.27,229.94,28.670515729919195,11436.962699819278,119.99867894172327,3.353695285765361
PC,45732,180203,103815.95,71.0,44.397616269452826,30780.44430599341,2.270094244730167,3.9404137146855596
H5,12284,196335,4961836.64,488.19,37.21230154351119,31692.291942341053,403.92678606317156,15.982985998046239
API,7265,21023,3125659.4,154.75,28.019970078781718,71493.71669429124,430.2352924982794,2.893737095664143
WECHAT,17850,46090,3097100.49,90.77,10.530598446394661,64899.69920043588,173.50703025210086,2.582072829131653
ALIPAY,38194,72221,134624.9,328.27,47.68807022739411,84987.5420562548,3.5247656700005234,1.8908990940985495
